date,total_cases,new_cases,total_deaths,new_deaths,total_cases_per_million,new_cases_per_million,total_deaths_per_million,new_deaths_per_million,reproduction_rate,new_tests,total_tests,total_tests_per_thousand,new_tests_per_thousand,positive_rate,tests_per_case,total_vaccinations,people_vaccinated,people_fully_vaccinated,total_vaccinations_per_hundred,people_vaccinated_per_hundred,people_fully_vaccinated_per_hundred
2020-03-06,1.0,1.0,,,0.196,0.196,,,,2.0,2.0,0.0,0.0,,,,,,,,
2020-03-07,1.0,0.0,,,0.196,0.0,,,,5.0,7.0,0.001,0.001,,,,,,,,
2020-03-08,5.0,4.0,,,0.982,0.785,,,,3.0,10.0,0.002,0.001,,,,,,,,
2020-03-09,9.0,4.0,,,1.767,0.785,,,,2.0,12.0,0.002,0.0,,,,,,,,
2020-03-10,9.0,0.0,,,1.767,0.0,,,,1.0,13.0,0.003,0.0,,,,,,,,
2020-03-11,13.0,4.0,,,2.552,0.785,,,,9.0,22.0,0.004,0.002,,,,,,,,
2020-03-12,22.0,9.0,,,4.319,1.767,,,,89.0,111.0,0.022,0.017,0.207,4.8,,,,,,
2020-03-13,23.0,1.0,,,4.515,0.196,,,,86.0,197.0,0.039,0.017,0.123,8.1,,,,,,
2020-03-14,26.0,3.0,,,5.104,0.589,,,,127.0,324.0,0.064,0.025,0.063,15.9,,,,,,
2020-03-15,27.0,1.0,,,5.3,0.196,,,,43.0,367.0,0.072,0.008,0.07,14.3,,,,,,
2020-03-16,35.0,8.0,,,6.871,1.57,,,,171.0,538.0,0.106,0.034,0.055,18.2,,,,,,
2020-03-17,41.0,6.0,,,8.049,1.178,,,,114.0,652.0,0.128,0.022,0.058,17.2,,,,,,
2020-03-18,50.0,9.0,,,9.815,1.767,,,,154.0,806.0,0.158,0.03,0.06,16.7,,,,,,
2020-03-19,69.0,19.0,1.0,1.0,13.545,3.73,0.196,0.196,,114.0,920.0,0.181,0.022,0.079,12.7,,,,,,
2020-03-20,89.0,20.0,1.0,0.0,17.471,3.926,0.196,0.0,,121.0,1041.0,0.204,0.024,0.103,9.7,,,,,,
2020-03-21,117.0,28.0,2.0,1.0,22.968,5.497,0.393,0.196,,148.0,1189.0,0.233,0.029,0.104,9.6,,,,,,
2020-03-22,134.0,17.0,2.0,0.0,26.305,3.337,0.393,0.0,1.18,227.0,1416.0,0.278,0.045,0.094,10.6,,,,,,
2020-03-23,158.0,24.0,2.0,0.0,31.016,4.711,0.393,0.0,1.18,157.0,1573.0,0.309,0.031,0.113,8.8,,,,,,
2020-03-24,177.0,19.0,2.0,0.0,34.746,3.73,0.393,0.0,1.17,165.0,1738.0,0.341,0.032,0.117,8.5,,,,,,
2020-03-25,201.0,24.0,2.0,0.0,39.457,4.711,0.393,0.0,1.16,29.0,1767.0,0.347,0.006,0.137,7.3,,,,,,
2020-03-26,231.0,30.0,2.0,0.0,45.346,5.889,0.393,0.0,1.14,677.0,2444.0,0.48,0.133,0.094,10.6,,,,,,
2020-03-27,263.0,32.0,2.0,0.0,51.628,6.282,0.393,0.0,1.13,487.0,2931.0,0.575,0.096,0.079,12.7,,,,,,
2020-03-28,295.0,32.0,2.0,0.0,57.91,6.282,0.393,0.0,1.11,158.0,3089.0,0.606,0.031,0.094,10.6,,,,,,
2020-03-29,314.0,19.0,2.0,0.0,61.64,3.73,0.393,0.0,1.08,222.0,3311.0,0.65,0.044,0.095,10.5,,,,,,
2020-03-30,330.0,16.0,2.0,0.0,64.781,3.141,0.393,0.0,1.06,263.0,3574.0,0.702,0.052,0.086,11.6,,,,,,
2020-03-31,347.0,17.0,2.0,0.0,68.118,3.337,0.393,0.0,1.04,153.0,3727.0,0.732,0.03,0.085,11.8,,,,,,
2020-04-01,375.0,28.0,2.0,0.0,73.614,5.497,0.393,0.0,1.02,373.0,4100.0,0.805,0.073,0.075,13.3,,,,,,
2020-04-02,396.0,21.0,2.0,0.0,77.737,4.122,0.393,0.0,1.0,132.0,4232.0,0.831,0.026,0.092,10.9,,,,,,
2020-04-03,416.0,20.0,2.0,0.0,81.663,3.926,0.393,0.0,0.98,110.0,4342.0,0.852,0.022,0.108,9.3,,,,,,
2020-04-04,435.0,19.0,2.0,0.0,85.393,3.73,0.393,0.0,0.97,194.0,4536.0,0.89,0.038,0.097,10.3,,,,,,
2020-04-05,454.0,19.0,2.0,0.0,89.122,3.73,0.393,0.0,0.95,444.0,4980.0,0.978,0.087,0.084,11.9,,,,,,
2020-04-06,467.0,13.0,2.0,0.0,91.674,2.552,0.393,0.0,0.94,265.0,5245.0,1.03,0.052,0.082,12.2,,,,,,
2020-04-07,483.0,16.0,2.0,0.0,94.815,3.141,0.393,0.0,0.93,162.0,5407.0,1.061,0.032,0.081,12.3,,,,,,
2020-04-08,502.0,19.0,3.0,1.0,98.545,3.73,0.589,0.196,0.92,510.0,5917.0,1.162,0.1,0.07,14.3,,,,,,
2020-04-09,539.0,37.0,3.0,0.0,105.808,7.263,0.589,0.0,0.91,263.0,6180.0,1.213,0.052,0.073,13.7,,,,,,
2020-04-10,558.0,19.0,3.0,0.0,109.538,3.73,0.589,0.0,0.89,154.0,6334.0,1.243,0.03,0.071,14.1,,,,,,
2020-04-11,577.0,19.0,3.0,0.0,113.268,3.73,0.589,0.0,0.86,156.0,6490.0,1.274,0.031,0.073,13.7,,,,,,
2020-04-12,595.0,18.0,3.0,0.0,116.801,3.533,0.589,0.0,0.84,154.0,6644.0,1.304,0.03,0.085,11.8,,,,,,
2020-04-13,612.0,17.0,3.0,0.0,120.139,3.337,0.589,0.0,0.82,106.0,6750.0,1.325,0.021,0.096,10.4,,,,,,
2020-04-14,618.0,6.0,3.0,0.0,121.316,1.178,0.589,0.0,0.79,76.0,6826.0,1.34,0.015,0.095,10.5,,,,,,
2020-04-15,626.0,8.0,4.0,1.0,122.887,1.57,0.785,0.196,0.77,193.0,7019.0,1.378,0.038,0.113,8.8,,,,,,
2020-04-16,642.0,16.0,4.0,0.0,126.028,3.141,0.785,0.0,0.75,214.0,7233.0,1.42,0.042,0.098,10.2,,,,,,
2020-04-17,649.0,7.0,4.0,0.0,127.402,1.374,0.785,0.0,0.74,172.0,7405.0,1.454,0.034,0.085,11.8,,,,,,
2020-04-18,655.0,6.0,4.0,0.0,128.58,1.178,0.785,0.0,0.73,227.0,7632.0,1.498,0.045,0.068,14.7,,,,,,
2020-04-19,660.0,5.0,5.0,1.0,129.561,0.982,0.982,0.196,0.73,52.0,7684.0,1.508,0.01,0.062,16.1,,,,,,
2020-04-20,662.0,2.0,6.0,1.0,129.954,0.393,1.178,0.196,0.72,96.0,7780.0,1.527,0.019,0.049,20.4,,,,,,
2020-04-21,669.0,7.0,6.0,0.0,131.328,1.374,1.178,0.0,0.73,266.0,8046.0,1.579,0.052,0.042,23.8,,,,,,
2020-04-22,681.0,12.0,6.0,0.0,133.684,2.356,1.178,0.0,0.73,301.0,8347.0,1.639,0.059,0.041,24.4,,,,,,
2020-04-23,686.0,5.0,6.0,0.0,134.665,0.982,1.178,0.0,0.74,253.0,8600.0,1.688,0.05,0.032,31.2,,,,,,
2020-04-24,687.0,1.0,6.0,0.0,134.862,0.196,1.178,0.0,0.75,102.0,8702.0,1.708,0.02,0.029,34.5,,,,,,
2020-04-25,693.0,6.0,6.0,0.0,136.039,1.178,1.178,0.0,0.77,87.0,8789.0,1.725,0.017,0.033,30.3,,,,,,
2020-04-26,695.0,2.0,6.0,0.0,136.432,0.393,1.178,0.0,0.79,37.0,8826.0,1.733,0.007,0.031,32.3,,,,,,
2020-04-27,697.0,2.0,6.0,0.0,136.825,0.393,1.178,0.0,0.81,58.0,8884.0,1.744,0.011,0.032,31.2,,,,,,
2020-04-28,705.0,8.0,6.0,0.0,138.395,1.57,1.178,0.0,0.84,59.0,8943.0,1.756,0.012,0.04,25.0,,,,,,
2020-04-29,713.0,8.0,6.0,0.0,139.965,1.57,1.178,0.0,0.87,237.0,9180.0,1.802,0.047,0.038,26.3,,,,,,
2020-04-30,719.0,6.0,6.0,0.0,141.143,1.178,1.178,0.0,0.9,109.0,9289.0,1.823,0.021,0.048,20.8,,,,,,
2020-05-01,725.0,6.0,6.0,0.0,142.321,1.178,1.178,0.0,0.92,167.0,9456.0,1.856,0.033,0.05,20.0,,,,,,
2020-05-02,733.0,8.0,6.0,0.0,143.892,1.57,1.178,0.0,0.95,91.0,9547.0,1.874,0.018,0.053,18.9,,,,,,
2020-05-03,739.0,6.0,6.0,0.0,145.069,1.178,1.178,0.0,0.97,120.0,9667.0,1.898,0.024,0.052,19.2,,,,,,
2020-05-04,742.0,3.0,6.0,0.0,145.658,0.589,1.178,0.0,0.99,106.0,9773.0,1.918,0.021,0.051,19.6,,,,,,
2020-05-05,755.0,13.0,6.0,0.0,148.21,2.552,1.178,0.0,1.02,73.0,9846.0,1.933,0.014,0.055,18.2,,,,,,
2020-05-06,761.0,6.0,6.0,0.0,149.388,1.178,1.178,0.0,1.03,209.0,10055.0,1.974,0.041,0.055,18.2,,,,,,
2020-05-07,765.0,4.0,6.0,0.0,150.173,0.785,1.178,0.0,1.05,274.0,10329.0,2.028,0.054,0.044,22.7,,,,,,
2020-05-08,773.0,8.0,6.0,0.0,151.744,1.57,1.178,0.0,1.08,452.0,10781.0,2.116,0.089,0.036,27.8,,,,,,
2020-05-09,780.0,7.0,6.0,0.0,153.118,1.374,1.178,0.0,1.1,449.0,11230.0,2.205,0.088,0.028,35.7,,,,,,
2020-05-10,792.0,12.0,7.0,1.0,155.474,2.356,1.374,0.196,1.13,592.0,11822.0,2.321,0.116,0.025,40.0,,,,,,
2020-05-11,801.0,9.0,7.0,0.0,157.24,1.767,1.374,0.0,1.14,120.0,11942.0,2.344,0.024,0.027,37.0,,,,,,
2020-05-12,804.0,3.0,7.0,0.0,157.829,0.589,1.374,0.0,1.15,73.0,12015.0,2.359,0.014,0.023,43.5,,,,,,
2020-05-13,815.0,11.0,8.0,1.0,159.989,2.159,1.57,0.196,1.17,446.0,12461.0,2.446,0.088,0.022,45.5,,,,,,
2020-05-14,830.0,15.0,8.0,0.0,162.933,2.945,1.57,0.0,1.19,315.0,12776.0,2.508,0.062,0.027,37.0,,,,,,
2020-05-15,843.0,13.0,9.0,1.0,165.485,2.552,1.767,0.196,1.2,209.0,12985.0,2.549,0.041,0.032,31.2,,,,,,
2020-05-16,853.0,10.0,10.0,1.0,167.448,1.963,1.963,0.196,1.21,665.0,13650.0,2.68,0.131,0.03,33.3,,,,,,
2020-05-17,863.0,10.0,10.0,0.0,169.411,1.963,1.963,0.0,1.21,576.0,14226.0,2.793,0.113,0.03,33.3,,,,,,
2020-05-18,866.0,3.0,10.0,0.0,170.0,0.589,1.963,0.0,1.22,206.0,14432.0,2.833,0.04,0.026,38.5,,,,,,
2020-05-19,882.0,16.0,10.0,0.0,173.141,3.141,1.963,0.0,1.23,138.0,14570.0,2.86,0.027,0.031,32.3,,,,,,
2020-05-20,897.0,15.0,10.0,0.0,176.086,2.945,1.963,0.0,1.24,434.0,15004.0,2.945,0.085,0.032,31.2,,,,,,
2020-05-21,903.0,6.0,10.0,0.0,177.263,1.178,1.963,0.0,1.25,168.0,15172.0,2.978,0.033,0.03,33.3,,,,,,
2020-05-22,911.0,8.0,10.0,0.0,178.834,1.57,1.963,0.0,1.27,486.0,15658.0,3.074,0.095,0.025,40.0,,,,,,
2020-05-23,918.0,7.0,10.0,0.0,180.208,1.374,1.963,0.0,1.29,235.0,15893.0,3.12,0.046,0.029,34.5,,,,,,
2020-05-24,930.0,12.0,10.0,0.0,182.564,2.356,1.963,0.0,1.33,410.0,16303.0,3.2,0.08,0.032,31.2,,,,,,
2020-05-25,951.0,21.0,10.0,0.0,186.686,4.122,1.963,0.0,1.36,157.0,16460.0,3.231,0.031,0.042,23.8,,,,,,
2020-05-26,956.0,5.0,10.0,0.0,187.668,0.982,1.963,0.0,1.38,125.0,16585.0,3.256,0.025,0.037,27.0,,,,,,
2020-05-27,984.0,28.0,10.0,0.0,193.164,5.497,1.963,0.0,1.4,649.0,17234.0,3.383,0.127,0.039,25.6,,,,,,
2020-05-28,1000.0,16.0,10.0,0.0,196.305,3.141,1.963,0.0,1.42,374.0,17608.0,3.457,0.073,0.04,25.0,,,,,,
2020-05-29,1022.0,22.0,10.0,0.0,200.624,4.319,1.963,0.0,1.44,540.0,18148.0,3.563,0.106,0.045,22.2,,,,,,
2020-05-30,1047.0,25.0,10.0,0.0,205.531,4.908,1.963,0.0,1.45,467.0,18615.0,3.654,0.092,0.047,21.3,,,,,,
2020-05-31,1056.0,9.0,10.0,0.0,207.298,1.767,1.963,0.0,1.46,521.0,19136.0,3.756,0.102,0.044,22.7,,,,,,
2020-06-01,1084.0,28.0,10.0,0.0,212.795,5.497,1.963,0.0,1.48,261.0,19397.0,3.808,0.051,0.045,22.2,,,,,,
2020-06-02,1105.0,21.0,10.0,0.0,216.917,4.122,1.963,0.0,1.5,264.0,19661.0,3.86,0.052,0.048,20.8,,,,,,
2020-06-03,1157.0,52.0,10.0,0.0,227.125,10.208,1.963,0.0,1.51,415.0,20076.0,3.941,0.081,0.061,16.4,,,,,,
2020-06-04,1194.0,37.0,10.0,0.0,234.388,7.263,1.963,0.0,1.51,376.0,20452.0,4.015,0.074,0.068,14.7,,,,,,
2020-06-05,1228.0,34.0,10.0,0.0,241.063,6.674,1.963,0.0,1.51,443.0,20895.0,4.102,0.087,0.075,13.3,,,,,,
2020-06-06,1263.0,35.0,10.0,0.0,247.933,6.871,1.963,0.0,1.51,334.0,21229.0,4.167,0.066,0.083,12.0,,,,,,
2020-06-07,1318.0,55.0,10.0,0.0,258.73,10.797,1.963,0.0,1.51,268.0,21497.0,4.22,0.053,0.111,9.0,,,,,,
2020-06-08,1342.0,24.0,11.0,1.0,263.441,4.711,2.159,0.196,1.51,161.0,21658.0,4.252,0.032,0.114,8.8,,,,,,
2020-06-09,1375.0,33.0,11.0,0.0,269.919,6.478,2.159,0.0,1.51,229.0,21887.0,4.297,0.045,0.121,8.3,,,,,,
2020-06-10,1461.0,86.0,12.0,1.0,286.802,16.882,2.356,0.196,1.51,427.0,22314.0,4.38,0.084,0.136,7.4,,,,,,
2020-06-11,1538.0,77.0,12.0,0.0,301.917,15.115,2.356,0.0,1.5,381.0,22695.0,4.455,0.075,0.153,6.5,,,,,,
2020-06-12,1612.0,74.0,12.0,0.0,316.444,14.527,2.356,0.0,1.48,483.0,23178.0,4.55,0.095,0.168,6.0,,,,,,
2020-06-13,1662.0,50.0,12.0,0.0,326.259,9.815,2.356,0.0,1.47,510.0,23688.0,4.65,0.1,0.162,6.2,,,,,,
2020-06-14,1715.0,53.0,12.0,0.0,336.663,10.404,2.356,0.0,1.46,308.0,23996.0,4.711,0.06,0.159,6.3,,,,,,
2020-06-15,1744.0,29.0,12.0,0.0,342.356,5.693,2.356,0.0,1.45,237.0,24233.0,4.757,0.047,0.156,6.4,,,,,,
2020-06-16,1796.0,52.0,12.0,0.0,352.564,10.208,2.356,0.0,1.45,278.0,24511.0,4.812,0.055,0.16,6.2,,,,,,
2020-06-17,1871.0,75.0,12.0,0.0,367.287,14.723,2.356,0.0,1.45,451.0,24962.0,4.9,0.089,0.155,6.5,,,,,,
2020-06-18,1939.0,68.0,12.0,0.0,380.635,13.349,2.356,0.0,1.46,447.0,25409.0,4.988,0.088,0.148,6.8,,,,,,
2020-06-19,2058.0,119.0,12.0,0.0,403.996,23.36,2.356,0.0,1.47,629.0,26038.0,5.111,0.123,0.156,6.4,,,,,,
2020-06-20,2127.0,69.0,12.0,0.0,417.541,13.545,2.356,0.0,1.48,457.0,26495.0,5.201,0.09,0.166,6.0,,,,,,
2020-06-21,2213.0,86.0,12.0,0.0,434.423,16.882,2.356,0.0,1.49,391.0,26886.0,5.278,0.077,0.172,5.8,,,,,,
2020-06-22,2277.0,64.0,12.0,0.0,446.986,12.564,2.356,0.0,1.5,244.0,27130.0,5.326,0.048,0.184,5.4,,,,,,
2020-06-23,2368.0,91.0,12.0,0.0,464.85,17.864,2.356,0.0,1.51,443.0,27573.0,5.413,0.087,0.187,5.3,,,,,,
2020-06-24,2515.0,147.0,12.0,0.0,493.707,28.857,2.356,0.0,1.52,621.0,28194.0,5.535,0.122,0.199,5.0,,,,,,
2020-06-25,2684.0,169.0,12.0,0.0,526.883,33.176,2.356,0.0,1.52,703.0,28897.0,5.673,0.138,0.214,4.7,,,,,,
2020-06-26,2836.0,152.0,12.0,0.0,556.721,29.838,2.356,0.0,1.53,687.0,29584.0,5.807,0.135,0.219,4.6,,,,,,
2020-06-27,2979.0,143.0,14.0,2.0,584.793,28.072,2.748,0.393,1.53,890.0,30474.0,5.982,0.175,0.214,4.7,,,,,,
2020-06-28,3130.0,151.0,15.0,1.0,614.435,29.642,2.945,0.196,1.53,743.0,31217.0,6.128,0.146,0.212,4.7,,,,,,
2020-06-29,3269.0,139.0,15.0,0.0,641.721,27.286,2.945,0.0,1.54,691.0,31908.0,6.264,0.136,0.208,4.8,,,,,,
2020-06-30,3459.0,190.0,16.0,1.0,679.019,37.298,3.141,0.196,1.54,594.0,32502.0,6.38,0.117,0.221,4.5,,,,,,
2020-07-01,3753.0,294.0,17.0,1.0,736.733,57.714,3.337,0.196,1.54,853.0,33355.0,6.548,0.167,0.24,4.2,,,,,,
2020-07-02,4023.0,270.0,18.0,1.0,789.735,53.002,3.533,0.196,1.53,1259.0,34614.0,6.795,0.247,0.234,4.3,,,,,,
2020-07-03,4311.0,288.0,18.0,0.0,846.271,56.536,3.533,0.0,1.52,933.0,35547.0,6.978,0.183,0.247,4.0,,,,,,
2020-07-04,4621.0,310.0,18.0,0.0,907.125,60.855,3.533,0.0,1.51,998.0,36545.0,7.174,0.196,0.27,3.7,,,,,,
2020-07-05,4996.0,375.0,19.0,1.0,980.74,73.614,3.73,0.196,1.5,1197.0,37742.0,7.409,0.235,0.286,3.5,,,,,,
2020-07-06,5241.0,245.0,23.0,4.0,1028.834,48.095,4.515,0.785,1.48,1000.0,38742.0,7.605,0.196,0.289,3.5,,,,,,
2020-07-07,5486.0,245.0,23.0,0.0,1076.929,48.095,4.515,0.0,1.47,1222.0,39964.0,7.845,0.24,0.272,3.7,,,,,,
2020-07-08,5836.0,350.0,25.0,2.0,1145.636,68.707,4.908,0.393,1.45,1128.0,41092.0,8.067,0.221,0.269,3.7,,,,,,
2020-07-09,6485.0,649.0,25.0,0.0,1273.038,127.402,4.908,0.0,1.44,1750.0,42842.0,8.41,0.344,0.299,3.3,,,,,,
2020-07-10,6845.0,360.0,26.0,1.0,1343.708,70.67,5.104,0.196,1.42,1367.0,44209.0,8.678,0.268,0.293,3.4,,,,,,
2020-07-11,7231.0,386.0,28.0,2.0,1419.481,75.774,5.497,0.393,1.4,1478.0,45687.0,8.969,0.29,0.285,3.5,,,,,,
2020-07-12,7596.0,365.0,30.0,2.0,1491.133,71.651,5.889,0.393,1.38,1792.0,47479.0,9.32,0.352,0.267,3.7,,,,,,
2020-07-13,8036.0,440.0,34.0,4.0,1577.507,86.374,6.674,0.785,1.37,1989.0,49468.0,9.711,0.39,0.261,3.8,,,,,,
2020-07-14,8482.0,446.0,37.0,3.0,1665.059,87.552,7.263,0.589,1.35,1435.0,50903.0,9.993,0.282,0.274,3.6,,,,,,
2020-07-15,8986.0,504.0,40.0,3.0,1763.997,98.938,7.852,0.589,1.33,1334.0,52237.0,10.254,0.262,0.283,3.5,,,,,,
2020-07-16,9546.0,560.0,42.0,2.0,1873.927,109.931,8.245,0.393,1.31,1562.0,53799.0,10.561,0.307,0.279,3.6,,,,,,
2020-07-17,9969.0,423.0,47.0,5.0,1956.964,83.037,9.226,0.982,1.29,1568.0,55367.0,10.869,0.308,0.28,3.6,,,,,,
2020-07-18,10551.0,582.0,54.0,7.0,2071.214,114.25,10.6,1.374,1.28,1116.0,56483.0,11.088,0.219,0.308,3.2,,,,,,
2020-07-19,11114.0,563.0,62.0,8.0,2181.734,110.52,12.171,1.57,1.27,1524.0,58007.0,11.387,0.299,0.334,3.0,,,,,,
2020-07-20,11534.0,420.0,66.0,4.0,2264.182,82.448,12.956,0.785,1.25,1117.0,59124.0,11.606,0.219,0.362,2.8,,,,,,
2020-07-21,11811.0,277.0,68.0,2.0,2318.558,54.376,13.349,0.393,1.24,1104.0,60228.0,11.823,0.217,0.357,2.8,,,,,,
2020-07-22,12361.0,550.0,71.0,3.0,2426.526,107.968,13.938,0.589,1.23,1228.0,61456.0,12.064,0.241,0.366,2.7,,,,,,
2020-07-23,13129.0,768.0,80.0,9.0,2577.288,150.762,15.704,1.767,1.23,1829.0,63285.0,12.423,0.359,0.378,2.6,,,,,,
2020-07-24,13669.0,540.0,87.0,7.0,2683.293,106.005,17.079,1.374,1.22,1510.0,64795.0,12.72,0.296,0.392,2.6,,,,,,
2020-07-25,14600.0,931.0,98.0,11.0,2866.053,182.76,19.238,2.159,1.21,1842.0,66637.0,13.081,0.362,0.399,2.5,,,,,,
2020-07-26,15229.0,629.0,104.0,6.0,2989.529,123.476,20.416,1.178,1.19,1564.0,68201.0,13.388,0.307,0.404,2.5,,,,,,
2020-07-27,15841.0,612.0,115.0,11.0,3109.667,120.139,22.575,2.159,1.17,1701.0,69902.0,13.722,0.334,0.4,2.5,,,,,,
2020-07-28,16344.0,503.0,125.0,10.0,3208.409,98.741,24.538,1.963,1.15,1501.0,71403.0,14.017,0.295,0.406,2.5,,,,,,
2020-07-29,16800.0,456.0,133.0,8.0,3297.924,89.515,26.109,1.57,1.14,1656.0,73059.0,14.342,0.325,0.383,2.6,,,,,,
2020-07-30,17290.0,490.0,140.0,7.0,3394.113,96.189,27.483,1.374,1.12,1840.0,74899.0,14.703,0.361,0.358,2.8,,,,,,
2020-07-31,17820.0,530.0,150.0,10.0,3498.155,104.042,29.446,1.963,1.12,1744.0,76643.0,15.045,0.342,0.35,2.9,,,,,,
2020-08-01,18187.0,367.0,154.0,4.0,3570.199,72.044,30.231,0.785,1.11,1663.0,78306.0,15.372,0.326,0.307,3.3,,,,,,
2020-08-02,18975.0,788.0,162.0,8.0,3724.887,154.688,31.801,1.57,1.12,2015.0,80321.0,15.767,0.396,0.309,3.2,,,,,,
2020-08-03,19402.0,427.0,171.0,9.0,3808.709,83.822,33.568,1.767,1.12,1550.0,81871.0,16.072,0.304,0.298,3.4,,,,,,
2020-08-04,19837.0,435.0,181.0,10.0,3894.102,85.393,35.531,1.963,1.12,1584.0,83455.0,16.383,0.311,0.29,3.4,,,,,,
2020-08-05,20417.0,580.0,191.0,10.0,4007.959,113.857,37.494,1.963,1.13,1799.0,85254.0,16.736,0.353,0.297,3.4,,,,,,
2020-08-06,21070.0,653.0,200.0,9.0,4136.146,128.187,39.261,1.767,1.13,1835.0,87089.0,17.096,0.36,0.31,3.2,,,,,,
2020-08-07,22081.0,1011.0,218.0,18.0,4334.61,198.464,42.794,3.533,1.13,1830.0,88919.0,17.455,0.359,0.305,3.3,,,,,,
2020-08-08,22802.0,721.0,228.0,10.0,4476.146,141.536,44.758,1.963,1.13,1687.0,90606.0,17.786,0.331,0.322,3.1,,,,,,
2020-08-09,23286.0,484.0,235.0,7.0,4571.158,95.012,46.132,1.374,1.13,1405.0,92011.0,18.062,0.276,0.31,3.2,,,,,,
2020-08-10,23872.0,586.0,244.0,9.0,4686.193,115.035,47.898,1.767,1.13,1457.0,93468.0,18.348,0.286,0.325,3.1,,,,,,
2020-08-11,24508.0,636.0,255.0,11.0,4811.043,124.85,50.058,2.159,1.13,1251.0,94719.0,18.594,0.246,0.347,2.9,,,,,,
2020-08-12,25057.0,549.0,263.0,8.0,4918.814,107.771,51.628,1.57,1.13,1664.0,96383.0,18.92,0.327,0.344,2.9,,,,,,
2020-08-13,26129.0,1072.0,272.0,9.0,5129.253,210.439,53.395,1.767,1.13,1997.0,98380.0,19.312,0.392,0.339,2.9,,,,,,
2020-08-14,26931.0,802.0,281.0,9.0,5286.69,157.437,55.162,1.767,1.13,2172.0,100552.0,19.739,0.426,0.344,2.9,,,,,,
2020-08-15,27737.0,806.0,291.0,10.0,5444.912,158.222,57.125,1.963,1.13,2197.0,102749.0,20.17,0.431,0.33,3.0,,,,,,
2020-08-16,28465.0,728.0,294.0,3.0,5587.822,142.91,57.714,0.589,1.12,2244.0,104993.0,20.611,0.441,0.328,3.0,,,,,,
2020-08-17,29084.0,619.0,304.0,10.0,5709.334,121.513,59.677,1.963,1.12,1535.0,106528.0,20.912,0.301,0.327,3.1,,,,,,
2020-08-18,29643.0,559.0,314.0,10.0,5819.069,109.734,61.64,1.963,1.12,1059.0,107587.0,21.12,0.208,0.325,3.1,,,,,,
2020-08-19,30409.0,766.0,321.0,7.0,5969.438,150.37,63.014,1.374,1.12,1535.0,109122.0,21.421,0.301,0.336,3.0,,,,,,
2020-08-20,31075.0,666.0,333.0,12.0,6100.178,130.739,65.37,2.356,1.12,1195.0,110317.0,21.656,0.235,0.342,2.9,,,,,,
2020-08-21,32134.0,1059.0,340.0,7.0,6308.065,207.887,66.744,1.374,1.13,1838.0,112155.0,22.017,0.361,0.369,2.7,,,,,,
2020-08-22,33084.0,950.0,348.0,8.0,6494.554,186.49,68.314,1.57,1.13,2131.0,114286.0,22.435,0.418,0.386,2.6,,,,,,
2020-08-23,33820.0,736.0,355.0,7.0,6639.035,144.48,69.688,1.374,1.14,2093.0,116379.0,22.846,0.411,0.391,2.6,,,,,,
2020-08-24,34463.0,643.0,362.0,7.0,6765.259,126.224,71.062,1.374,1.13,1533.0,117912.0,23.147,0.301,0.39,2.6,,,,,,
2020-08-25,35305.0,842.0,376.0,14.0,6930.548,165.289,73.811,2.748,1.14,1304.0,119216.0,23.403,0.256,0.391,2.6,,,,,,
2020-08-26,36307.0,1002.0,386.0,10.0,7127.245,196.698,75.774,1.963,1.14,2048.0,121264.0,23.805,0.402,0.392,2.6,,,,,,
2020-08-27,37292.0,985.0,397.0,11.0,7320.606,193.36,77.933,2.159,1.14,1859.0,123123.0,24.17,0.365,0.396,2.5,,,,,,
2020-08-28,38485.0,1193.0,407.0,10.0,7554.798,234.192,79.896,1.963,1.14,2211.0,125334.0,24.604,0.434,0.394,2.5,,,,,,
2020-08-29,39699.0,1214.0,418.0,11.0,7793.112,238.314,82.055,2.159,1.14,2633.0,127967.0,25.121,0.517,0.395,2.5,,,,,,
2020-08-30,39699.0,0.0,418.0,0.0,7793.112,0.0,82.055,0.0,1.14,2054.0,130021.0,25.524,0.403,0.405,2.5,,,,,,
2020-08-31,41287.0,1588.0,436.0,18.0,8104.844,311.732,85.589,3.533,1.14,1517.0,131538.0,25.822,0.298,0.413,2.4,,,,,,
2020-09-01,42184.0,897.0,443.0,7.0,8280.93,176.086,86.963,1.374,1.14,1488.0,133026.0,26.114,0.292,0.413,2.4,,,,,,
2020-09-02,43305.0,1121.0,453.0,10.0,8500.988,220.058,88.926,1.963,1.14,2119.0,135145.0,26.53,0.416,0.417,2.4,,,,,,
2020-09-03,44458.0,1153.0,460.0,7.0,8727.327,226.34,90.3,1.374,1.14,2491.0,137636.0,27.019,0.489,0.408,2.5,,,,,,
2020-09-04,45680.0,1222.0,469.0,9.0,8967.212,239.885,92.067,1.767,1.13,2750.0,140386.0,27.558,0.54,0.395,2.5,,,,,,
2020-09-05,46920.0,1240.0,478.0,9.0,9210.63,243.418,93.834,1.767,1.13,2879.0,143265.0,28.124,0.565,0.391,2.6,,,,,,
2020-09-06,46920.0,0.0,478.0,0.0,9210.63,0.0,93.834,0.0,1.13,2142.0,145407.0,28.544,0.42,0.398,2.5,,,,,,
2020-09-07,48780.0,1860.0,510.0,32.0,9575.757,365.127,100.116,6.282,1.13,1556.0,146963.0,28.85,0.305,0.401,2.5,,,,,,
2020-09-08,49897.0,1117.0,531.0,21.0,9795.03,219.273,104.238,4.122,1.13,1978.0,148941.0,29.238,0.388,0.399,2.5,,,,,,
2020-09-09,51224.0,1327.0,543.0,12.0,10055.527,260.497,106.594,2.356,1.12,2517.0,151458.0,29.732,0.494,0.4,2.5,,,,,,
2020-09-10,52549.0,1325.0,567.0,24.0,10315.631,260.104,111.305,4.711,1.11,2615.0,154073.0,30.245,0.513,0.406,2.5,,,,,,
2020-09-11,53969.0,1420.0,583.0,16.0,10594.384,278.753,114.446,3.141,1.11,3154.0,157227.0,30.864,0.619,0.407,2.5,,,,,,
2020-09-12,55454.0,1485.0,590.0,7.0,10885.897,291.513,115.82,1.374,1.1,2996.0,160223.0,31.453,0.588,0.418,2.4,,,,,,
2020-09-13,55454.0,0.0,590.0,0.0,10885.897,0.0,115.82,0.0,1.09,2595.0,162818.0,31.962,0.509,0.405,2.5,,,,,,
2020-09-14,57361.0,1907.0,621.0,31.0,11260.251,374.354,121.905,6.085,1.08,1856.0,164674.0,32.326,0.364,0.403,2.5,,,,,,
2020-09-15,58137.0,776.0,633.0,12.0,11412.583,152.333,124.261,2.356,1.08,1708.0,166382.0,32.662,0.335,0.403,2.5,,,,,,
2020-09-16,59516.0,1379.0,649.0,16.0,11683.288,270.705,127.402,3.141,1.07,2220.0,168602.0,33.097,0.436,0.414,2.4,,,,,,
2020-09-17,60818.0,1302.0,666.0,17.0,11938.877,255.589,130.739,3.337,1.07,2308.0,170910.0,33.55,0.453,0.419,2.4,,,,,,
2020-09-18,62374.0,1556.0,686.0,20.0,12244.327,305.451,134.665,3.926,1.06,3238.0,174148.0,34.186,0.636,0.426,2.3,,,,,,
2020-09-19,63712.0,1338.0,706.0,20.0,12506.984,262.656,138.591,3.926,1.06,3110.0,177258.0,34.797,0.611,0.41,2.4,,,,,,
2020-09-20,63712.0,0.0,706.0,0.0,12506.984,0.0,138.591,0.0,1.05,2914.0,180172.0,35.369,0.572,0.414,2.4,,,,,,
2020-09-21,65602.0,1890.0,745.0,39.0,12878.0,371.016,146.247,7.656,1.05,1741.0,181913.0,35.71,0.342,0.406,2.5,,,,,,
2020-09-22,66689.0,1087.0,760.0,15.0,13091.384,213.384,149.192,2.945,1.04,1902.0,183815.0,36.084,0.373,0.41,2.4,,,,,,
2020-09-23,68059.0,1370.0,781.0,21.0,13360.321,268.938,153.314,4.122,1.04,2977.0,186792.0,36.668,0.584,0.393,2.5,,,,,,
2020-09-24,69459.0,1400.0,795.0,14.0,13635.148,274.827,156.062,2.748,1.03,3189.0,189981.0,37.294,0.626,0.381,2.6,,,,,,
2020-09-25,70816.0,1357.0,812.0,17.0,13901.534,266.386,159.4,3.337,1.02,2658.0,192639.0,37.816,0.522,0.382,2.6,,,,,,
2020-09-26,72049.0,1233.0,828.0,16.0,14143.578,242.044,162.541,3.141,1.02,3057.0,195696.0,38.416,0.6,0.381,2.6,,,,,,
2020-09-27,72049.0,0.0,828.0,0.0,14143.578,0.0,162.541,0.0,1.01,2422.0,198118.0,38.892,0.475,0.377,2.7,,,,,,
2020-09-28,73714.0,1665.0,861.0,33.0,14470.426,326.848,169.019,6.478,1.01,1722.0,199840.0,39.23,0.338,0.378,2.6,,,,,,
2020-09-29,74604.0,890.0,880.0,19.0,14645.138,174.711,172.748,3.73,1.0,1655.0,201495.0,39.554,0.325,0.372,2.7,,,,,,
2020-09-30,75760.0,1156.0,904.0,24.0,14872.066,226.929,177.46,4.711,1.0,2707.0,204202.0,40.086,0.531,0.364,2.7,,,,,,
2020-10-01,76828.0,1068.0,917.0,13.0,15081.72,209.654,180.012,2.552,1.0,2532.0,206734.0,40.583,0.497,0.359,2.8,,,,,,
2020-10-02,77829.0,1001.0,930.0,13.0,15278.221,196.501,182.564,2.552,1.01,2552.0,209286.0,41.084,0.501,0.34,2.9,,,,,,
2020-10-03,79182.0,1353.0,950.0,20.0,15543.822,265.601,186.49,3.926,1.01,3153.0,212439.0,41.703,0.619,0.348,2.9,,,,,,
2020-10-04,79182.0,0.0,950.0,0.0,15543.822,0.0,186.49,0.0,1.02,2800.0,215239.0,42.252,0.55,0.359,2.8,,,,,,
2020-10-05,81129.0,1947.0,987.0,37.0,15926.028,382.206,193.753,7.263,1.02,1655.0,216894.0,42.577,0.325,0.361,2.8,,,,,,
2020-10-06,82142.0,1013.0,1004.0,17.0,16124.885,198.857,197.09,3.337,1.02,1716.0,218610.0,42.914,0.337,0.365,2.7,,,,,,
2020-10-07,83497.0,1355.0,1024.0,20.0,16390.878,265.993,201.016,3.926,1.02,2455.0,221065.0,43.396,0.482,0.384,2.6,,,,,,
2020-10-08,84828.0,1331.0,1040.0,16.0,16652.16,261.282,204.157,3.141,1.02,2964.0,224029.0,43.978,0.582,0.386,2.6,,,,,,
2020-10-09,86053.0,1225.0,1055.0,15.0,16892.633,240.474,207.102,2.945,1.02,2749.0,226778.0,44.518,0.54,0.388,2.6,,,,,,
2020-10-10,87439.0,1386.0,1076.0,21.0,17164.712,272.079,211.224,4.122,1.02,3031.0,229809.0,45.113,0.595,0.384,2.6,,,,,,
2020-10-11,87439.0,0.0,1076.0,0.0,17164.712,0.0,211.224,0.0,1.02,2701.0,232510.0,45.643,0.53,0.373,2.7,,,,,,
2020-10-12,89223.0,1784.0,1108.0,32.0,17514.92,350.208,217.506,6.282,1.01,1630.0,234140.0,45.963,0.32,0.372,2.7,,,,,,
2020-10-13,90238.0,1015.0,1124.0,16.0,17714.17,199.25,220.647,3.141,1.01,1918.0,236058.0,46.339,0.377,0.364,2.7,,,,,,
2020-10-14,91780.0,1542.0,1134.0,10.0,18016.872,302.702,222.61,1.963,1.01,2999.0,239057.0,46.928,0.589,0.356,2.8,,,,,,
2020-10-15,93152.0,1372.0,1159.0,25.0,18286.202,269.33,227.517,4.908,1.0,3092.0,242149.0,47.535,0.607,0.356,2.8,,,,,,
2020-10-16,94348.0,1196.0,1168.0,9.0,18520.983,234.781,229.284,1.767,1.0,2732.0,244881.0,48.071,0.536,0.354,2.8,,,,,,
2020-10-17,95514.0,1166.0,1183.0,15.0,18749.875,228.892,232.229,2.945,0.99,2666.0,247547.0,48.595,0.523,0.352,2.8,,,,,,
2020-10-18,95514.0,0.0,1183.0,0.0,18749.875,0.0,232.229,0.0,0.99,2509.0,250056.0,49.087,0.493,0.349,2.9,,,,,,
2020-10-19,97075.0,1561.0,1204.0,21.0,19056.307,306.432,236.351,4.122,0.99,1327.0,251383.0,49.348,0.26,0.348,2.9,,,,,,
2020-10-20,97922.0,847.0,1222.0,18.0,19222.577,166.27,239.885,3.533,0.99,1453.0,252836.0,49.633,0.285,0.348,2.9,,,,,,
2020-10-21,99425.0,1503.0,1236.0,14.0,19517.624,295.046,242.633,2.748,0.99,3064.0,255900.0,50.234,0.601,0.346,2.9,,,,,,
2020-10-22,100616.0,1191.0,1251.0,15.0,19751.423,233.799,245.578,2.945,0.98,2660.0,258560.0,50.757,0.522,0.344,2.9,,,,,,
2020-10-23,101826.0,1210.0,1265.0,14.0,19988.952,237.529,248.326,2.748,0.98,2782.0,261342.0,51.303,0.546,0.345,2.9,,,,,,
2020-10-24,103088.0,1262.0,1282.0,17.0,20236.689,247.737,251.663,3.337,0.98,2924.0,264266.0,51.877,0.574,0.349,2.9,,,,,,
2020-10-25,103088.0,0.0,1282.0,0.0,20236.689,0.0,251.663,0.0,0.98,2306.0,266572.0,52.329,0.453,0.349,2.9,,,,,,
2020-10-26,104460.0,1372.0,1312.0,30.0,20506.019,269.33,257.552,5.889,0.97,1162.0,267734.0,52.558,0.228,0.346,2.9,,,,,,
2020-10-27,105322.0,862.0,1329.0,17.0,20675.234,169.215,260.889,3.337,0.97,1496.0,269230.0,52.851,0.294,0.35,2.9,,,,,,
2020-10-28,106553.0,1231.0,1340.0,11.0,20916.886,241.651,263.049,2.159,0.97,2625.0,271855.0,53.366,0.515,0.346,2.9,,,,,,
2020-10-29,107570.0,1017.0,1357.0,17.0,21116.528,199.642,266.386,3.337,0.98,2445.0,274300.0,53.846,0.48,0.343,2.9,,,,,,
2020-10-30,108866.0,1296.0,1371.0,14.0,21370.939,254.411,269.134,2.748,0.98,3058.0,277358.0,54.447,0.6,0.345,2.9,,,,,,
2020-10-31,109971.0,1105.0,1385.0,14.0,21587.856,216.917,271.882,2.748,0.98,2590.0,279948.0,54.955,0.508,0.341,2.9,,,,,,
2020-11-01,109971.0,0.0,1385.0,0.0,21587.856,0.0,271.882,0.0,0.98,1761.0,281709.0,55.301,0.346,0.346,2.9,,,,,,
2020-11-02,111257.0,1286.0,1404.0,19.0,21840.304,252.448,275.612,3.73,0.98,1376.0,283085.0,55.571,0.27,0.344,2.9,,,,,,
2020-11-03,112120.0,863.0,1419.0,15.0,22009.716,169.411,278.557,2.945,0.98,1822.0,284907.0,55.929,0.358,0.337,3.0,,,,,,
2020-11-04,113261.0,1141.0,1431.0,12.0,22233.7,223.984,280.912,2.356,0.98,2489.0,287396.0,56.417,0.489,0.335,3.0,,,,,,
2020-11-05,114367.0,1106.0,1444.0,13.0,22450.813,217.113,283.464,2.552,0.99,2848.0,290244.0,56.976,0.559,0.335,3.0,,,,,,
2020-11-06,115417.0,1050.0,1453.0,9.0,22656.933,206.12,285.231,1.767,0.99,2473.0,292717.0,57.462,0.485,0.335,3.0,,,,,,
2020-11-07,116363.0,946.0,1464.0,11.0,22842.638,185.705,287.391,2.159,1.0,2401.0,295118.0,57.933,0.471,0.331,3.0,,,,,,
2020-11-08,116363.0,0.0,1464.0,0.0,22842.638,0.0,287.391,0.0,1.0,2219.0,297337.0,58.369,0.436,0.322,3.1,,,,,,
2020-11-09,117587.0,1224.0,1491.0,27.0,23082.915,240.277,292.691,5.3,1.0,867.0,298204.0,58.539,0.17,0.33,3.0,,,,,,
2020-11-10,118566.0,979.0,1502.0,11.0,23275.097,192.183,294.85,2.159,1.01,2007.0,300211.0,58.933,0.394,0.33,3.0,,,,,,
2020-11-11,119768.0,1202.0,1513.0,11.0,23511.056,235.959,297.009,2.159,1.02,2606.0,302817.0,59.444,0.512,0.333,3.0,,,,,,
2020-11-12,120939.0,1171.0,1527.0,14.0,23740.929,229.873,299.758,2.748,1.03,2862.0,305679.0,60.006,0.562,0.334,3.0,,,,,,
2020-11-13,122123.0,1184.0,1537.0,10.0,23973.354,232.425,301.721,1.963,1.03,2697.0,308376.0,60.536,0.529,0.336,3.0,,,,,,
2020-11-14,123223.0,1100.0,1546.0,9.0,24189.29,215.935,303.488,1.767,1.04,2493.0,310869.0,61.025,0.489,0.341,2.9,,,,,,
2020-11-15,123223.0,0.0,1546.0,0.0,24189.29,0.0,303.488,0.0,1.04,2072.0,312941.0,61.432,0.407,0.343,2.9,,,,,,
2020-11-16,124592.0,1369.0,1566.0,20.0,24458.031,268.742,307.414,3.926,1.04,1299.0,314240.0,61.687,0.255,0.344,2.9,,,,,,
2020-11-17,125590.0,998.0,1578.0,12.0,24653.944,195.912,309.769,2.356,1.04,1641.0,315881.0,62.009,0.322,0.351,2.8,,,,,,
2020-11-18,127012.0,1422.0,1588.0,10.0,24933.089,279.146,311.732,1.963,1.05,3084.0,318965.0,62.614,0.605,0.349,2.9,,,,,,
2020-11-19,128231.0,1219.0,1599.0,11.0,25172.385,239.296,313.892,2.159,1.05,2834.0,321799.0,63.171,0.556,0.351,2.8,,,,,,
2020-11-20,129418.0,1187.0,1608.0,9.0,25405.399,233.014,315.658,1.767,1.06,2573.0,324372.0,63.676,0.505,0.353,2.8,,,,,,
2020-11-21,129418.0,0.0,1608.0,0.0,25405.399,0.0,315.658,0.0,1.06,3239.0,327611.0,64.312,0.636,0.348,2.9,,,,,,
2020-11-22,129418.0,0.0,1608.0,0.0,25405.399,0.0,315.658,0.0,1.07,2636.0,330247.0,64.829,0.517,0.349,2.9,,,,,,
2020-11-23,132295.0,2877.0,1641.0,33.0,25970.169,564.769,322.136,6.478,1.08,1376.0,331623.0,65.099,0.27,0.345,2.9,,,,,,
2020-11-24,133190.0,895.0,1662.0,21.0,26145.862,175.693,326.259,4.122,1.08,1910.0,333533.0,65.474,0.375,0.338,3.0,,,,,,
2020-11-25,134520.0,1330.0,1674.0,12.0,26406.947,261.086,328.615,2.356,1.07,2795.0,336328.0,66.023,0.549,0.34,2.9,,,,,,
2020-11-26,135742.0,1222.0,1679.0,5.0,26646.832,239.885,329.596,0.982,1.07,3022.0,339350.0,66.616,0.593,0.337,3.0,,,,,,
2020-11-27,137093.0,1351.0,1690.0,11.0,26912.04,265.208,331.755,2.159,1.06,2941.0,342291.0,67.193,0.577,0.339,2.9,,,,,,
2020-11-28,137093.0,0.0,1690.0,0.0,26912.04,0.0,331.755,0.0,1.06,3128.0,345419.0,67.807,0.614,0.336,3.0,,,,,,
2020-11-29,137093.0,0.0,1690.0,0.0,26912.04,0.0,331.755,0.0,1.06,2523.0,347942.0,68.303,0.495,0.333,3.0,,,,,,
2020-11-30,139638.0,2545.0,1726.0,36.0,27411.636,499.596,338.822,7.067,1.05,1387.0,349329.0,68.575,0.272,0.33,3.0,,,,,,
2020-12-01,140172.0,534.0,1731.0,5.0,27516.463,104.827,339.804,0.982,1.05,1220.0,350549.0,68.815,0.239,0.333,3.0,,,,,,
2020-12-02,141340.0,1168.0,1739.0,8.0,27745.747,229.284,341.374,1.57,1.05,2030.0,352579.0,69.213,0.398,0.34,2.9,,,,,,
2020-12-03,142505.0,1165.0,1757.0,18.0,27974.443,228.695,344.908,3.533,1.05,2597.0,355176.0,69.723,0.51,0.344,2.9,,,,,,
2020-12-04,143685.0,1180.0,1773.0,16.0,28206.083,231.64,348.049,3.141,1.06,2606.0,357782.0,70.234,0.512,0.341,2.9,,,,,,
2020-12-05,143685.0,0.0,1773.0,0.0,28206.083,0.0,348.049,0.0,1.06,3278.0,361060.0,70.878,0.643,0.342,2.9,,,,,,
2020-12-06,143685.0,0.0,1773.0,0.0,28206.083,0.0,348.049,0.0,1.06,2841.0,363901.0,71.436,0.558,0.342,2.9,,,,,,
2020-12-07,146421.0,2736.0,1825.0,52.0,28743.173,537.09,358.257,10.208,1.06,1447.0,365348.0,71.72,0.284,0.343,2.9,,,,,,
2020-12-08,147430.0,1009.0,1846.0,21.0,28941.245,198.072,362.379,4.122,1.06,2017.0,367365.0,72.116,0.396,0.344,2.9,,,,,,
2020-12-09,148688.0,1258.0,1864.0,18.0,29188.196,246.952,365.913,3.533,1.05,3054.0,370419.0,72.715,0.6,0.329,3.0,,,,,,
2020-12-10,149815.0,1127.0,1882.0,18.0,29409.432,221.236,369.446,3.533,1.05,2907.0,373326.0,73.286,0.571,0.322,3.1,,,,,,
2020-12-11,150947.0,1132.0,1895.0,13.0,29631.649,222.217,371.998,2.552,1.05,3218.0,376544.0,73.917,0.632,0.308,3.2,,,,,,
2020-12-12,150947.0,0.0,1895.0,0.0,29631.649,0.0,371.998,0.0,1.04,3139.0,379683.0,74.534,0.616,0.307,3.3,,,,,,
2020-12-13,150947.0,0.0,1895.0,0.0,29631.649,0.0,371.998,0.0,1.04,2445.0,382128.0,75.014,0.48,0.292,3.4,,,,,,
2020-12-14,153169.0,2222.0,1936.0,41.0,30067.839,436.19,380.046,8.049,1.04,1260.0,383388.0,75.261,0.247,0.292,3.4,,,,,,
2020-12-15,154096.0,927.0,1956.0,20.0,30249.814,181.975,383.973,3.926,1.04,2028.0,385416.0,75.659,0.398,0.288,3.5,,,,,,
2020-12-16,155263.0,1167.0,1967.0,11.0,30478.902,229.088,386.132,2.159,1.04,2950.0,388366.0,76.238,0.579,0.288,3.5,,,,,,
2020-12-17,156388.0,1125.0,1980.0,13.0,30699.745,220.843,388.684,2.552,1.04,3046.0,391412.0,76.836,0.598,0.286,3.5,,,,,,
2020-12-18,157472.0,1084.0,1996.0,16.0,30912.539,212.795,391.825,3.141,1.04,2745.0,394157.0,77.375,0.539,0.294,3.4,,,,,,
2020-12-19,157472.0,0.0,1996.0,0.0,30912.539,0.0,391.825,0.0,1.04,4182.0,398339.0,78.196,0.821,0.272,3.7,,,,,,
2020-12-20,157472.0,0.0,1996.0,0.0,30912.539,0.0,391.825,0.0,1.04,2634.0,400973.0,78.713,0.517,0.281,3.6,,,,,,
2020-12-21,159893.0,2421.0,2037.0,41.0,31387.794,475.254,399.873,8.049,1.04,1745.0,402718.0,79.056,0.343,0.28,3.6,,,,,,
2020-12-22,160804.0,911.0,2051.0,14.0,31566.628,178.834,402.622,2.748,1.04,2694.0,405412.0,79.584,0.529,0.27,3.7,,,,,,
2020-12-23,161942.0,1138.0,2065.0,14.0,31790.023,223.395,405.37,2.748,1.04,2869.0,408281.0,80.148,0.563,0.27,3.7,,,,,,
2020-12-24,162990.0,1048.0,2086.0,21.0,31995.75,205.728,409.492,4.122,1.05,3251.0,411532.0,80.786,0.638,0.269,3.7,55.0,55.0,,0.0,0.0,
2020-12-25,162990.0,0.0,2086.0,0.0,31995.75,0.0,409.492,0.0,1.05,2933.0,414465.0,81.362,0.576,0.266,3.8,,,,,,
2020-12-26,162990.0,0.0,2086.0,0.0,31995.75,0.0,409.492,0.0,1.07,1704.0,416169.0,81.696,0.335,0.286,3.5,,,,,,
2020-12-27,162990.0,0.0,2086.0,0.0,31995.75,0.0,409.492,0.0,1.08,1928.0,418097.0,82.075,0.378,0.288,3.5,,,,,,
2020-12-28,165762.0,2772.0,2144.0,58.0,32539.908,544.157,420.878,11.386,1.09,1635.0,419732.0,82.395,0.321,0.287,3.5,,,,,,
2020-12-29,166799.0,1037.0,2156.0,12.0,32743.476,203.568,423.234,2.356,1.1,2053.0,421785.0,82.799,0.403,0.304,3.3,,,,,,
2020-12-30,168114.0,1315.0,2171.0,15.0,33001.617,258.141,426.178,2.945,1.1,3105.0,424890.0,83.408,0.61,0.312,3.2,,,,,,
2020-12-31,169321.0,1207.0,2185.0,14.0,33238.557,236.94,428.926,2.748,1.1,2871.0,427761.0,83.972,0.564,0.331,3.0,,,,,,
2021-01-01,169321.0,0.0,2185.0,0.0,33238.557,0.0,428.926,0.0,1.1,3252.0,431013.0,84.61,0.638,0.329,3.0,,,,,,
2021-01-02,169321.0,0.0,2185.0,0.0,33238.557,0.0,428.926,0.0,1.11,1837.0,432850.0,84.971,0.361,0.323,3.1,,,,,,
2021-01-03,169321.0,0.0,2185.0,0.0,33238.557,0.0,428.926,0.0,1.12,1797.0,434647.0,85.323,0.353,0.322,3.1,2455.0,2455.0,,0.05,0.05,
2021-01-04,172436.0,3115.0,2229.0,44.0,33850.047,611.49,437.564,8.637,1.13,2666.0,437313.0,85.847,0.523,0.312,3.2,,,,,,
2021-01-05,173591.0,1155.0,2248.0,19.0,34076.78,226.732,441.294,3.73,1.12,2501.0,439814.0,86.338,0.491,0.307,3.3,,,,,,
2021-01-06,175038.0,1447.0,2267.0,19.0,34360.833,284.053,445.023,3.73,1.11,3488.0,443302.0,87.022,0.685,0.304,3.3,,,,,,
2021-01-07,176407.0,1369.0,2286.0,19.0,34629.574,268.742,448.753,3.73,1.1,3434.0,446736.0,87.697,0.674,0.292,3.4,,,,,,
2021-01-08,177614.0,1207.0,2305.0,19.0,34866.515,236.94,452.483,3.73,1.08,2981.0,449717.0,88.282,0.585,0.293,3.4,9751.0,9751.0,,0.19,0.19,
2021-01-09,177614.0,0.0,2305.0,0.0,34866.515,0.0,452.483,0.0,1.06,3884.0,453601.0,89.044,0.762,0.28,3.6,,,,,,
2021-01-10,177614.0,0.0,2305.0,0.0,34866.515,0.0,452.483,0.0,1.04,2460.0,456061.0,89.527,0.483,0.28,3.6,,,,,,
2021-01-11,180061.0,2447.0,2353.0,48.0,35346.873,480.358,461.906,9.423,1.02,1259.0,457320.0,89.774,0.247,0.294,3.4,,,,,,
2021-01-12,181093.0,1032.0,2367.0,14.0,35549.46,202.587,464.654,2.748,1.01,2385.0,459705.0,90.242,0.468,0.293,3.4,,,,,,
2021-01-13,182156.0,1063.0,2384.0,17.0,35758.132,208.672,467.991,3.337,0.99,2765.0,462470.0,90.785,0.543,0.289,3.5,,,,,,
2021-01-14,183242.0,1086.0,2401.0,17.0,35971.319,213.187,471.328,3.337,0.98,2735.0,465205.0,91.322,0.537,0.286,3.5,,,,,,
2021-01-15,184187.0,945.0,2416.0,15.0,36156.827,185.508,474.273,2.945,0.97,2621.0,467826.0,91.837,0.515,0.283,3.5,24859.0,24804.0,55.0,0.49,0.49,0.0
2021-01-16,184187.0,0.0,2416.0,0.0,36156.827,0.0,474.273,0.0,0.95,2651.0,470477.0,92.357,0.52,0.298,3.4,,,,,,
2021-01-17,184187.0,0.0,2416.0,0.0,36156.827,0.0,474.273,0.0,0.94,1619.0,472096.0,92.675,0.318,0.298,3.4,,,,,,
2021-01-18,186016.0,1829.0,2458.0,42.0,36515.869,359.042,482.518,8.245,0.93,1318.0,473414.0,92.934,0.259,0.282,3.5,29389.0,29257.0,132.0,0.58,0.57,0.0
2021-01-19,186877.0,861.0,2477.0,19.0,36684.888,169.019,486.247,3.73,0.92,1893.0,475307.0,93.305,0.372,0.279,3.6,,,,,,
2021-01-20,187712.0,835.0,2492.0,15.0,36848.802,163.915,489.192,2.945,0.91,2344.0,477651.0,93.765,0.46,0.267,3.7,,,,,,
2021-01-21,188477.0,765.0,2506.0,14.0,36998.976,150.173,491.94,2.748,0.9,1989.0,479640.0,94.156,0.39,0.267,3.7,,,,,,
2021-01-22,189308.0,831.0,2518.0,12.0,37162.105,163.129,494.296,2.356,0.9,2502.0,482142.0,94.647,0.491,0.265,3.8,,,,,,
2021-01-23,189308.0,0.0,2518.0,0.0,37162.105,0.0,494.296,0.0,0.89,1628.0,483770.0,94.966,0.32,0.271,3.7,,,,,,
2021-01-24,189308.0,0.0,2518.0,0.0,37162.105,0.0,494.296,0.0,0.88,1334.0,485104.0,95.228,0.262,0.273,3.7,,,,,,
2021-01-25,190745.0,1437.0,2558.0,40.0,37444.195,282.09,502.148,7.852,0.88,896.0,486000.0,95.404,0.176,0.282,3.5,48128.0,45707.0,2421.0,0.94,0.9,0.05
2021-01-26,191345.0,600.0,2567.0,9.0,37561.978,117.783,503.915,1.767,0.87,1857.0,487857.0,95.769,0.365,0.268,3.7,,,,,,
2021-01-27,192066.0,721.0,2584.0,17.0,37703.514,141.536,507.252,3.337,0.87,2881.0,490738.0,96.334,0.566,0.255,3.9,,,,,,
2021-01-28,192637.0,571.0,2599.0,15.0,37815.604,112.09,510.197,2.945,0.87,2499.0,493237.0,96.825,0.491,0.234,4.3,,,,,,
2021-01-29,193276.0,639.0,2604.0,5.0,37941.043,125.439,511.178,0.982,0.87,2195.0,495432.0,97.256,0.431,0.228,4.4,,,,,,
2021-01-30,193276.0,0.0,2604.0,0.0,37941.043,0.0,511.178,0.0,0.87,3459.0,498891.0,97.935,0.679,0.194,5.2,,,,,,
2021-01-31,193276.0,0.0,2604.0,0.0,37941.043,0.0,511.178,0.0,0.87,3796.0,502687.0,98.68,0.745,0.168,6.0,,,,,,
2021-02-01,194569.0,1293.0,2634.0,30.0,38194.866,253.822,517.067,5.889,0.87,1602.0,504289.0,98.994,0.314,0.159,6.3,57701.0,45863.0,11838.0,1.13,0.9,0.23
2021-02-02,195009.0,440.0,2641.0,7.0,38281.24,86.374,518.441,1.374,0.86,2087.0,506376.0,99.404,0.41,0.152,6.6,,,,,,
2021-02-03,195537.0,528.0,2650.0,9.0,38384.889,103.649,520.208,1.767,0.86,2668.0,509044.0,99.928,0.524,0.147,6.8,,,,,,
2021-02-04,195992.0,455.0,2662.0,12.0,38474.208,89.319,522.564,2.356,0.87,2427.0,511471.0,100.404,0.476,0.144,6.9,,,,,,
2021-02-05,196438.0,446.0,2672.0,10.0,38561.76,87.552,524.527,1.963,0.87,2224.0,513695.0,100.841,0.437,0.135,7.4,,,,,,
2021-02-06,196438.0,0.0,2672.0,0.0,38561.76,0.0,524.527,0.0,0.88,3862.0,517557.0,101.599,0.758,0.13,7.7,,,,,,
2021-02-07,196438.0,0.0,2672.0,0.0,38561.76,0.0,524.527,0.0,0.88,2822.0,520379.0,102.153,0.554,0.128,7.8,,,,,,
2021-02-08,197435.0,997.0,2692.0,20.0,38757.476,195.716,528.453,3.926,0.89,1503.0,521882.0,102.448,0.295,0.126,7.9,75113.0,46750.0,28363.0,1.47,0.92,0.56
2021-02-09,197852.0,417.0,2698.0,6.0,38839.335,81.859,529.631,1.178,0.89,2114.0,523996.0,102.863,0.415,0.124,8.1,,,,,,
2021-02-10,198338.0,486.0,2701.0,3.0,38934.739,95.404,530.22,0.589,0.9,2515.0,526511.0,103.357,0.494,0.122,8.2,,,,,,
2021-02-11,198756.0,418.0,2710.0,9.0,39016.795,82.055,531.987,1.767,0.91,2333.0,528844.0,103.815,0.458,0.12,8.3,,,,,,
2021-02-12,199187.0,431.0,2714.0,4.0,39101.402,84.607,532.772,0.785,0.91,2477.0,531321.0,104.301,0.486,0.119,8.4,,,,,,
2021-02-13,199187.0,0.0,2714.0,0.0,39101.402,0.0,532.772,0.0,0.92,3624.0,534945.0,105.012,0.711,0.115,8.7,,,,,,
2021-02-14,199187.0,0.0,2714.0,0.0,39101.402,0.0,532.772,0.0,0.93,2930.0,537875.0,105.588,0.575,0.115,8.7,,,,,,
2021-02-15,200024.0,837.0,2730.0,16.0,39265.709,164.307,535.913,3.141,0.94,1564.0,539439.0,105.895,0.307,0.112,8.9,96948.0,54395.0,42553.0,1.9,1.07,0.84
2021-02-16,200454.0,430.0,2737.0,7.0,39350.121,84.411,537.287,1.374,0.94,2516.0,541955.0,106.388,0.494,0.111,9.0,,,,,,
2021-02-17,200888.0,434.0,2745.0,8.0,39435.317,85.196,538.857,1.57,0.95,3003.0,544958.0,106.978,0.59,0.106,9.4,,,,,,
2021-02-18,201241.0,353.0,2756.0,11.0,39504.613,69.296,541.017,2.159,0.96,3126.0,548084.0,107.592,0.614,0.099,10.1,,,,,,
2021-02-19,201678.0,437.0,2763.0,7.0,39590.398,85.785,542.391,1.374,0.97,2115.0,550199.0,108.007,0.415,0.1,10.0,,,,,,
2021-02-20,201678.0,0.0,2763.0,0.0,39590.398,0.0,542.391,0.0,0.98,4648.0,554847.0,108.919,0.912,0.103,9.7,,,,,,
2021-02-21,201678.0,0.0,2763.0,0.0,39590.398,0.0,542.391,0.0,1.0,2532.0,557379.0,109.416,0.497,0.103,9.7,,,,,,
2021-02-22,202674.0,996.0,2782.0,19.0,39785.918,195.52,546.12,3.73,1.01,1958.0,559337.0,109.801,0.384,0.103,9.7,101183.0,57162.0,44021.0,1.99,1.12,0.86
2021-02-23,203097.0,423.0,2785.0,3.0,39868.955,83.037,546.709,0.589,1.01,2316.0,561653.0,110.255,0.455,0.103,9.7,,,,,,
2021-02-24,203496.0,399.0,2793.0,8.0,39947.28,78.326,548.28,1.57,1.01,3063.0,564716.0,110.857,0.601,0.102,9.8,,,,,,
2021-02-25,203914.0,418.0,2796.0,3.0,40029.336,82.055,548.869,0.589,1.01,3112.0,567828.0,111.467,0.611,0.105,9.5,,,,,,
2021-02-26,204341.0,427.0,2800.0,4.0,40113.158,83.822,549.654,0.785,1.02,3974.0,571802.0,112.248,0.78,0.094,10.6,,,,,,
2021-02-27,204341.0,0.0,2800.0,0.0,40113.158,0.0,549.654,0.0,1.02,5105.0,576907.0,113.25,1.002,0.085,11.8,,,,,,
2021-02-28,204341.0,0.0,2800.0,0.0,40113.158,0.0,549.654,0.0,1.03,2990.0,579897.0,113.837,0.587,0.082,12.2,,,,,,
2021-03-01,205086.0,745.0,2812.0,12.0,40259.405,146.247,552.01,2.356,1.04,2207.0,582104.0,114.27,0.433,0.08,12.5,149812.0,103695.0,46117.0,2.94,2.04,0.91
2021-03-02,205514.0,428.0,2820.0,8.0,40343.424,84.019,553.58,1.57,1.04,2790.0,584894.0,114.818,0.548,0.079,12.7,,,,,,
2021-03-03,205890.0,376.0,2824.0,4.0,40417.234,73.811,554.365,0.785,1.05,2656.0,587550.0,115.339,0.521,0.079,12.7,,,,,,
2021-03-04,206293.0,403.0,2829.0,5.0,40496.345,79.111,555.347,0.982,1.06,3129.0,590679.0,115.953,0.614,0.08,12.5,,,,,,
2021-03-05,206640.0,347.0,2833.0,4.0,40564.463,68.118,556.132,0.785,1.07,2961.0,593640.0,116.534,0.581,0.082,12.2,193273.0,142049.0,51224.0,3.79,2.79,1.01
2021-03-06,206640.0,0.0,2833.0,0.0,40564.463,0.0,556.132,0.0,1.09,3836.0,597476.0,117.288,0.753,0.09,11.1,,,,,,
2021-03-07,206640.0,0.0,2833.0,0.0,40564.463,0.0,556.132,0.0,1.12,2546.0,600022.0,117.787,0.5,0.092,10.9,,,,,,
2021-03-08,206640.0,0.0,2833.0,0.0,40564.463,0.0,556.132,0.0,1.14,1859.0,601881.0,118.152,0.365,0.095,10.5,204586.0,151841.0,52745.0,4.02,2.98,1.04
2021-03-09,207832.0,1192.0,2848.0,15.0,40798.459,233.996,559.077,2.945,1.18,2159.0,604040.0,118.576,0.424,0.095,10.5,,,,,,
2021-03-10,207832.0,0.0,2848.0,0.0,40798.459,0.0,559.077,0.0,1.2,2443.0,606483.0,119.056,0.48,0.098,10.2,,,,,,
2021-03-11,207832.0,0.0,2848.0,0.0,40798.459,0.0,559.077,0.0,1.22,2893.0,609376.0,119.624,0.568,0.101,9.9,,,,,,
2021-03-12,209093.0,1261.0,2862.0,14.0,41045.999,247.541,561.825,2.748,1.25,3022.0,612398.0,120.217,0.593,0.101,9.9,241724.0,187826.0,53898.0,4.75,3.69,1.06
2021-03-13,209093.0,0.0,2862.0,0.0,41045.999,0.0,561.825,0.0,1.26,4407.0,616805.0,121.082,0.865,0.101,9.9,,,,,,
2021-03-14,209093.0,0.0,2862.0,0.0,41045.999,0.0,561.825,0.0,1.26,2818.0,619623.0,121.635,0.553,0.102,9.8,,,,,,
2021-03-15,209093.0,0.0,2862.0,0.0,41045.999,0.0,561.825,0.0,1.27,1943.0,621566.0,122.017,0.381,0.101,9.9,248082.0,190088.0,57994.0,4.87,3.73,1.14
2021-03-16,210447.0,1354.0,2886.0,24.0,41311.796,265.797,566.536,4.711,1.29,1927.0,623493.0,122.395,0.378,0.104,9.6,,,,,,
2021-03-17,210447.0,0.0,2886.0,0.0,41311.796,0.0,566.536,0.0,1.29,3813.0,627306.0,123.143,0.749,0.102,9.8,,,,,,
2021-03-18,210447.0,0.0,2886.0,0.0,41311.796,0.0,566.536,0.0,1.3,4156.0,631462.0,123.959,0.816,0.096,10.4,,,,,,
2021-03-19,211903.0,1456.0,2896.0,10.0,41597.616,285.82,568.499,1.963,1.31,3985.0,635447.0,124.741,0.782,0.095,10.5,,,,,,
2021-03-20,211903.0,0.0,2896.0,0.0,41597.616,0.0,568.499,0.0,1.31,5109.0,640556.0,125.744,1.003,0.092,10.9,,,,,,
2021-03-21,211903.0,0.0,2896.0,0.0,41597.616,0.0,568.499,0.0,1.3,3470.0,644026.0,126.426,0.681,0.089,11.2,,,,,,
2021-03-22,211903.0,0.0,2896.0,0.0,41597.616,0.0,568.499,0.0,1.3,2461.0,646487.0,126.909,0.483,0.09,11.1,312425.0,206198.0,106227.0,6.13,4.05,2.09
2021-03-23,213438.0,1535.0,2908.0,12.0,41898.945,301.328,570.855,2.356,1.29,2810.0,649297.0,127.46,0.552,0.089,11.2,,,,,,
2021-03-24,213438.0,0.0,2908.0,0.0,41898.945,0.0,570.855,0.0,1.29,3825.0,653122.0,128.211,0.751,0.09,11.1,348037.0,213404.0,134633.0,6.83,4.19,2.64
2021-03-25,213438.0,0.0,2908.0,0.0,41898.945,0.0,570.855,0.0,1.29,4455.0,657577.0,129.086,0.875,0.093,10.8,,,,,,
2021-03-26,215178.0,1740.0,2931.0,23.0,42240.515,341.571,575.37,4.515,1.28,3943.0,661520.0,129.86,0.774,0.098,10.2,,,,,,
2021-03-27,215178.0,0.0,2931.0,0.0,42240.515,0.0,575.37,0.0,1.26,6308.0,667828.0,131.098,1.238,0.094,10.6,,,,,,
2021-03-28,215178.0,0.0,2931.0,0.0,42240.515,0.0,575.37,0.0,1.23,3965.0,671793.0,131.876,0.778,0.094,10.6,,,,,,
2021-03-29,215178.0,0.0,2931.0,0.0,42240.515,0.0,575.37,0.0,1.21,2611.0,674404.0,132.389,0.513,0.094,10.6,384355.0,224092.0,160263.0,7.55,4.4,3.15
2021-03-30,216764.0,1586.0,2957.0,26.0,42551.855,311.34,580.474,5.104,1.18,3144.0,677548.0,133.006,0.617,0.094,10.6,,,,,,
2021-03-31,216764.0,0.0,2957.0,0.0,42551.855,0.0,580.474,0.0,1.16,3914.0,681462.0,133.774,0.768,0.094,10.6,,,,,,
2021-04-01,216764.0,0.0,2957.0,0.0,42551.855,0.0,580.474,0.0,1.14,4007.0,685469.0,134.561,0.787,0.093,10.8,,,,,,
2021-04-02,216764.0,0.0,2957.0,0.0,42551.855,0.0,580.474,0.0,1.13,3646.0,689115.0,135.277,0.716,0.086,11.6,,,,,,
2021-04-03,216764.0,0.0,2957.0,0.0,42551.855,0.0,580.474,0.0,1.16,4036.0,693151.0,136.069,0.792,0.089,11.2,,,,,,
2021-04-04,216764.0,0.0,2957.0,0.0,42551.855,0.0,580.474,0.0,1.19,3623.0,696774.0,136.78,0.711,0.093,10.8,,,,,,
2021-04-05,216764.0,0.0,2957.0,0.0,42551.855,0.0,580.474,0.0,1.22,2636.0,699410.0,137.298,0.517,0.096,10.4,,,,,,
2021-04-06,219846.0,3082.0,3000.0,43.0,43156.867,605.012,588.915,8.441,1.26,2965.0,702375.0,137.88,0.582,0.103,9.7,504930.0,291368.0,213562.0,9.91,5.72,4.19
2021-04-07,219846.0,0.0,3000.0,0.0,43156.867,0.0,588.915,0.0,1.29,4247.0,706622.0,138.713,0.834,0.113,8.8,,,,,,
2021-04-08,219846.0,0.0,3000.0,0.0,43156.867,0.0,588.915,0.0,1.33,4151.0,710773.0,139.528,0.815,0.124,8.1,,,,,,
2021-04-09,222544.0,2698.0,3018.0,18.0,43686.498,529.631,592.448,3.533,1.38,4612.0,715385.0,140.434,0.905,0.138,7.2,,,,,,
2021-04-10,222544.0,0.0,3018.0,0.0,43686.498,0.0,592.448,0.0,1.39,5938.0,721323.0,141.599,1.166,0.143,7.0,,,,,,
2021-04-11,222544.0,0.0,3018.0,0.0,43686.498,0.0,592.448,0.0,1.39,4350.0,725673.0,142.453,0.854,0.143,7.0,,,,,,
2021-04-12,222544.0,0.0,3018.0,0.0,43686.498,0.0,592.448,0.0,1.4,3169.0,728842.0,143.075,0.622,0.143,7.0,586799.0,354291.0,232508.0,11.52,6.95,4.56
2021-04-13,225343.0,2799.0,3044.0,26.0,44235.955,549.458,597.552,5.104,1.42,3440.0,732282.0,143.751,0.675,0.148,6.8,,,,,,
2021-04-14,225343.0,0.0,3044.0,0.0,44235.955,0.0,597.552,0.0,1.42,4371.0,736653.0,144.609,0.858,0.15,6.7,,,,,,
2021-04-15,227533.0,2190.0,3065.0,21.0,44665.863,429.908,601.675,4.122,1.43,4010.0,740663.0,145.396,0.787,0.156,6.4,,,,,,
2021-04-16,228577.0,1044.0,3071.0,6.0,44870.806,204.942,602.853,1.178,1.41,4976.0,745639.0,146.373,0.977,0.159,6.3,,,,,,
2021-04-17,228577.0,0.0,3071.0,0.0,44870.806,0.0,602.853,0.0,1.4,5994.0,751633.0,147.549,1.177,0.163,6.1,,,,,,
2021-04-18,228577.0,0.0,3071.0,0.0,44870.806,0.0,602.853,0.0,1.41,4525.0,756158.0,148.438,0.888,0.167,6.0,,,,,,
2021-04-19,230837.0,2260.0,3099.0,28.0,45314.455,443.649,608.349,5.497,1.41,2918.0,759076.0,149.01,0.573,0.171,5.8,698327.0,450593.0,247734.0,13.71,8.85,4.86
2021-04-20,231967.0,1130.0,3104.0,5.0,45536.28,221.825,609.331,0.982,1.4,4307.0,763383.0,149.856,0.845,0.171,5.8,,,,,,
2021-04-21,233498.0,1531.0,3115.0,11.0,45836.823,300.543,611.49,2.159,1.4,4902.0,768285.0,150.818,0.962,0.182,5.5,,,,,,
2021-04-22,235274.0,1776.0,3125.0,10.0,46185.46,348.638,613.453,1.963,1.4,6600.0,774885.0,152.114,1.296,0.187,5.3,,,,,,
2021-04-23,236930.0,1656.0,3136.0,11.0,46510.541,325.081,615.612,2.159,1.4,2860.0,777745.0,152.675,0.561,0.214,4.7,,,,,,
2021-04-24,238760.0,1830.0,3143.0,7.0,46869.78,359.238,616.987,1.374,1.4,6867.0,784612.0,154.023,1.348,0.229,4.4,,,,,,
2021-04-25,238760.0,0.0,3143.0,0.0,46869.78,0.0,616.987,0.0,1.38,4941.0,789553.0,154.993,0.97,0.244,4.1,,,,,,
2021-04-26,241240.0,2480.0,3168.0,25.0,47356.616,486.836,621.894,4.908,1.37,4390.0,793943.0,155.855,0.862,0.252,4.0,818884.0,538682.0,280202.0,16.08,10.57,5.5
2021-04-27,243167.0,1927.0,3186.0,18.0,47734.896,378.28,625.428,3.533,1.36,4526.0,798469.0,156.743,0.888,0.27,3.7,,,,,,
2021-04-28,245601.0,2434.0,3202.0,16.0,48212.702,477.806,628.569,3.141,1.36,6867.0,805336.0,158.091,1.348,0.277,3.6,,,,,,
2021-04-29,248382.0,2781.0,3217.0,15.0,48758.626,545.924,631.513,2.945,1.35,7449.0,812785.0,159.554,1.462,0.293,3.4,,,,,,
2021-04-30,250991.0,2609.0,3231.0,14.0,49270.786,512.16,634.261,2.748,1.34,8961.0,821746.0,161.313,1.759,0.271,3.7,,,,,,
2021-05-01,250991.0,0.0,3231.0,0.0,49270.786,0.0,634.261,0.0,1.32,9016.0,830762.0,163.083,1.77,0.259,3.9,,,,,,
2021-05-02,250991.0,0.0,3231.0,0.0,49270.786,0.0,634.261,0.0,1.32,5749.0,836511.0,164.211,1.129,0.265,3.8,,,,,,
2021-05-03,256676.0,5685.0,3290.0,59.0,50386.78,1115.994,645.843,11.582,1.31,3758.0,840269.0,164.949,0.738,0.281,3.6,950252.0,605099.0,345153.0,18.65,11.88,6.78
2021-05-04,257980.0,1304.0,3310.0,20.0,50642.761,255.982,649.77,3.926,1.29,4714.0,844983.0,165.874,0.925,0.27,3.7,,,,,,
2021-05-05,260535.0,2555.0,3326.0,16.0,51144.321,501.559,652.91,3.141,1.27,7210.0,852193.0,167.29,1.415,0.269,3.7,,,,,,
2021-05-06,263094.0,2559.0,3341.0,15.0,51646.665,502.344,655.855,2.945,1.26,6295.0,858488.0,168.525,1.236,0.271,3.7,,,,,,
2021-05-07,265486.0,2392.0,3365.0,24.0,52116.227,469.562,660.566,4.711,1.25,7276.0,865764.0,169.954,1.428,0.276,3.6,,,,,,
2021-05-08,265486.0,0.0,3365.0,0.0,52116.227,0.0,660.566,0.0,1.24,7934.0,873698.0,171.511,1.557,0.281,3.6,,,,,,
2021-05-09,265486.0,0.0,3365.0,0.0,52116.227,0.0,660.566,0.0,1.24,7268.0,880966.0,172.938,1.427,0.286,3.5,,,,,,
2021-05-10,271478.0,5992.0,3430.0,65.0,53292.486,1176.26,673.326,12.76,1.23,6187.0,887153.0,174.153,1.215,0.263,3.8,1093931.0,657301.0,436630.0,21.47,12.9,8.57
2021-05-11,273714.0,2236.0,3456.0,26.0,53731.424,438.938,678.43,5.104,1.22,5708.0,892861.0,175.273,1.121,0.269,3.7,,,,,,
2021-05-12,276887.0,3173.0,3482.0,26.0,54354.3,622.876,683.534,5.104,1.21,7558.0,900419.0,176.757,1.484,0.276,3.6,,,,,,
2021-05-13,279926.0,3039.0,3514.0,32.0,54950.871,596.571,689.816,6.282,1.19,8121.0,908540.0,178.351,1.594,0.273,3.7,,,,,,
2021-05-14,282741.0,2815.0,3547.0,33.0,55503.469,552.599,696.294,6.478,1.18,8913.0,917453.0,180.101,1.75,0.271,3.7,,,,,,
2021-05-15,282741.0,0.0,3547.0,0.0,55503.469,0.0,696.294,0.0,1.17,8197.0,925650.0,181.71,1.609,0.285,3.5,,,,,,
2021-05-16,282741.0,0.0,3547.0,0.0,55503.469,0.0,696.294,0.0,1.16,6637.0,932287.0,183.013,1.303,0.275,3.6,,,,,,
2021-05-17,288626.0,5885.0,3625.0,78.0,56658.724,1155.255,711.606,15.312,1.14,4451.0,936738.0,183.886,0.874,0.282,3.5,1251900.0,721882.0,530018.0,24.58,14.17,10.4
2021-05-18,290920.0,2294.0,3673.0,48.0,57109.048,450.324,721.028,9.423,1.13,4800.0,941538.0,184.829,0.942,0.289,3.5,,,,,,
2021-05-19,293820.0,2900.0,3696.0,23.0,57678.332,569.284,725.543,4.515,1.12,7310.0,948848.0,186.264,1.435,0.286,3.5,,,,,,
2021-05-20,296632.0,2812.0,3736.0,40.0,58230.342,552.01,733.395,7.852,1.11,6811.0,955659.0,187.601,1.337,0.289,3.5,,,,,,
2021-05-21,299219.0,2587.0,3765.0,29.0,58738.183,507.841,739.088,5.693,1.1,7124.0,962783.0,188.999,1.398,0.297,3.4,,,,,,
2021-05-22,299219.0,0.0,3765.0,0.0,58738.183,0.0,739.088,0.0,1.09,8861.0,971644.0,190.739,1.739,0.284,3.5,,,,,,
2021-05-23,299219.0,0.0,3765.0,0.0,58738.183,0.0,739.088,0.0,1.08,5614.0,977258.0,191.841,1.102,0.29,3.4,,,,,,
2021-05-24,304529.0,5310.0,3849.0,84.0,59780.562,1042.379,755.578,16.49,1.07,3559.0,980817.0,192.539,0.699,0.292,3.4,1457802.0,867517.0,590285.0,28.62,17.03,11.59
2021-05-25,306899.0,2370.0,3877.0,28.0,60245.805,465.243,761.074,5.497,1.07,5942.0,986759.0,193.706,1.166,0.285,3.5,,,,,,
2021-05-26,309486.0,2587.0,3908.0,31.0,60753.646,507.841,767.16,6.085,1.06,7208.0,993967.0,195.121,1.415,0.279,3.6,,,,,,
2021-05-27,311922.0,2436.0,3929.0,21.0,61231.845,478.199,771.282,4.122,1.06,9121.0,1003088.0,196.911,1.79,0.258,3.9,,,,,,
2021-05-28,314102.0,2180.0,3962.0,33.0,61659.79,427.945,777.76,6.478,1.06,6907.0,1009995.0,198.267,1.356,0.251,4.0,,,,,,
2021-05-29,314102.0,0.0,3962.0,0.0,61659.79,0.0,777.76,0.0,1.06,6856.0,1016851.0,199.613,1.346,0.261,3.8,,,,,,
2021-05-30,314102.0,0.0,3962.0,0.0,61659.79,0.0,777.76,0.0,1.06,,,,,,,,,,,,
2021-05-31,318986.0,4884.0,4041.0,79.0,62618.544,958.754,793.268,15.508,,,,,,,,,,,,,